date,title,publishedAt
2025-04-29,Dutch neobank Bunq launches crypto trading service,2025-04-29T19:00:50Z
2025-04-30,Why Two Prime Is Going BTC Only,2025-05-01T15:46:12Z
2025-05-03,Lilith and Modula-2,2025-05-04T12:10:03Z
2025-05-04,China Reviews U.S. Proposal to Scale Down Tariffs,2025-05-05T15:59:35Z
2025-05-05,"Investment Adviser Two Prime Says Ethereum Has 'Failed Beyond A Point Worth Engaging,' Goes Bitcoin Only",2025-05-06T12:51:35Z
2025-05-06,"Investment Adviser Two Prime Says Ethereum Has 'Failed Beyond A Point Worth Engaging,' Goes Bitcoin Only",2025-05-06T12:51:35Z
2025-05-07,Wall Street's New Bitcoin Monster: Cantor's $4B Bet Could Dethrone Michael Saylor,2025-05-08T18:17:00Z
2025-05-08,Wall Street's New Bitcoin Monster: Cantor's $4B Bet Could Dethrone Michael Saylor,2025-05-08T18:17:00Z
2025-05-09,"ETH Surges 20%, Biggest Gain Since 2021 as Pectra Upgrade Helps Restore 'Confidence'",2025-05-09T01:51:45Z
2025-05-10,"Anthony Scaramucci On Trump's Crypto Moves, Bitcoin Nears $104K And More: This Week In Crypto",2025-05-11T10:09:04Z
2025-05-11,"Anthony Scaramucci On Trump's Crypto Moves, Bitcoin Nears $104K And More: This Week In Crypto",2025-05-11T10:09:04Z
2025-05-12,ETH Zurich researchers discover new security vulnerability in Intel processors,2025-05-13T16:44:51Z
2025-05-13,ETH Zurich researchers discover new security vulnerability in Intel processors,2025-05-13T16:44:51Z
2025-05-14,"Bitcoin price holds above $102,000 as BlackRock leads fund inflows",2025-05-15T08:39:52Z
2025-05-15,"Bitcoin price holds above $102,000 as BlackRock leads fund inflows",2025-05-15T08:39:52Z
2025-05-16,Undervalued Ether Catching Eye of ETF Buyers as Rally Inbound: CryptoQuant,2025-05-17T07:25:42Z
2025-05-17,"Bitcoin, Ethereum, Dogecoin Climb Ahead Of Weekend — XRP Lags Behind",2025-05-18T01:30:11Z
2025-05-18,"Bitcoin, Ethereum, Dogecoin Climb Ahead Of Weekend — XRP Lags Behind",2025-05-18T01:30:11Z
2025-05-19,El Salvador's Bitcoin Holdings Show $357 Million In Unrealized Profit As Bitcoin Closes At Record Highs,2025-05-20T03:31:34Z
2025-05-20,El Salvador's Bitcoin Holdings Show $357 Million In Unrealized Profit As Bitcoin Closes At Record Highs,2025-05-20T03:31:34Z
2025-05-21,19-Year-Old to Plead Guilty to Hacking Charges After Data Breach of Millions of Schoolchildren,2025-05-21T18:53:36Z
2025-05-22,"Bitcoin, Ethereum, XRP Steady, Dogecoin Climbs: Watch These Levels, Traders Caution",2025-05-23T11:58:31Z
2025-05-23,"Bitcoin Shatters $110,000, XRP, Dogecoin, Ethereum Surge: 'Bulls Emerge Victorious,' Trader Concludes",2025-05-24T10:45:40Z
2025-05-24,"Bitcoin Shatters $110,000, XRP, Dogecoin, Ethereum Surge: 'Bulls Emerge Victorious,' Trader Concludes",2025-05-24T10:45:40Z
2025-05-25,"Pakistan Allocates 2,000 Megawatts of Electricity To Bitcoin Mining, AI Data Centres",2025-05-26T17:00:00Z
2025-05-26,Trump’s media company says it’s buying $2.5 billion in Bitcoin,2025-05-27T14:31:48Z
2025-05-27,"Bitcoin conference: DJT, GameStop, & more race to buy bitcoin",2025-05-28T16:12:25Z
2025-05-28,Asia Morning Briefing: Bitcoin Becomes ‘Generational Asset’ as Speculators Ditch Rolexes,2025-05-28T01:33:04Z
